base,link,type
William Safire,Beziehungen zwischen der Ukraine und den Vereinigten Staaten,incoming
Small’s Paradise,Bernard Addison,incoming
Brooklyn,Shelley Hirsch,incoming
Bonnie Bedelia,Die den Hals riskieren,incoming
Brooklyn,Kevin Norton,incoming
Brooklyn,Mario Trevi,incoming
Lincoln Center,Speranza Scappucci,incoming
Brooklyn,Tim van Patten,incoming
Brooklyn,Ol' Dirty Bastard,incoming
Brooklyn,Tuvia Bielski,incoming
Brooklyn,Nicodemo Scarfo,incoming
Act Up,Queer-Theologie,incoming
Carmen McRae,Bobby Thomas,incoming
Arthur Kantrowitz,Liste der Mitglieder der National Academy of Sciences/1966,incoming
Lincoln Center,Kristina Kanders,incoming
Bonnie Bedelia,Mark Jean,incoming
Frederick Trump,Trump (Begriffsklärung),incoming
Elizabeth Christ Trump,Trump (Begriffsklärung),incoming
Avishai Cohen (Trompeter),Anat Cohen,incoming
Michael Blake (Musiker),John Lurie/Diskografie,incoming
Brooklyn,Russell Tyrone Jones,incoming
Collegiate School (New York City),Bildungsgeschichte der Vereinigten Staaten,incoming
Act Up,Anna Adam,incoming
Act Up,Michael Rogers (Aktivist),incoming
Brooklyn,Samantha Hunt,incoming
Brooklyn,Marcus Rojas,incoming
Michael Blake (Musiker),Marcus Rojas,incoming
New York Sun (1833–1950),Agnes E. Meyer,incoming
Act Up,Marsha P. Johnson,incoming
Brooklyn,Charles Atlas,incoming
Max’s Kansas City,Jean-Michel Basquiat,incoming
Brooklyn,Ascher H. Shapiro,incoming
Bonnie Bedelia,Bonnie (Vorname),incoming
Brooklyn,Mustafa Hamsho,incoming
Brooklyn,Nahum Stutchkoff,incoming
Act Up,Emmanuelle Cosse,incoming
Brooklyn,Nelson George,incoming
International Alliance of Theatrical Stage Employees,Mike Elizalde,incoming
50 Cent,Golden Brooks,incoming
Carmen McRae,It Could Happen to You (Lied),incoming
50 Cent,Billboard Music Awards 2003,incoming
Act Up,Outing,incoming
Brooklyn,Slant Magazine,incoming
National Society of Film Critics,Dave Kehr,incoming
Krieg von Castellammare,Apalachin-Meeting,incoming
Brooklyn,Vic Damone,incoming
Brooklyn,Knitting Factory,incoming
Brooklyn,Alvy West,incoming
Lincoln Center,Metropolitan Opera,incoming
Brooklyn,Fabiano Caruana,incoming
50 Cent,Yannick Steffen,incoming
Brooklyn,George Polk Award,incoming
Act Up,Sarah Schulman,incoming
John Beckman,Beckman,incoming
Brooklyn,Judith Heumann,incoming
Brooklyn,Melvin Gibbs,incoming
Brooklyn,Terrence McManus,incoming
Brooklyn,Mark Soskin,incoming
Brooklyn,Dirt Mc Girt,incoming
Act Up,Lili Reynaud-Dewar,incoming
Act Up,Tammy Bruce,incoming
Act Up,Zoe Leonard,incoming
Brooklyn,Lorenzo Sanguedolce,incoming
Brooklyn,Mia Love,incoming
International Alliance of Theatrical Stage Employees,"David Lee (Tontechniker, 1938)",incoming
Bonnie Bedelia,Stirb langsam 2,incoming
Bonnie Bedelia,In einer kleinen Stadt (Film),incoming
Brooklyn,Arthur Ashkin,incoming
Brooklyn,Andrew Dice Clay,incoming
Carmen McRae,Scott Colley,incoming
Act Up,Timothy Ray Brown,incoming
Brooklyn,Steve Keene,incoming
Brooklyn,Marion Greenwood,incoming
David Horowitz,Stephen Miller (Politikberater),incoming
Brooklyn,Jim Staley,incoming
New York Sun (1833–1950),"Murder, Inc.",incoming
Brooklyn,Nola Darling (Fernsehserie),incoming
Bonnie Bedelia,Liebhaber und andere Fremde,incoming
Brooklyn,Woody Allen,incoming
Brooklyn,Hagar Ben-Ari,incoming
Frederick Trump,Henry John Heinz,incoming
Brooklyn,Aaliyah Dana Haughton,incoming
Cornelius Vanderbilt,Amy Vanderbilt,incoming
Cornelius Vanderbilt,T. J. Stiles,incoming
